Title,AgeRating,Languages
Star Wars: Episode IV - A New Hope,['English'],
The Shawshank Redemption,['English'],
Trainspotting,['English'],
The Usual Suspects,"['English', 'Hungarian', 'Spanish', 'French']",
The Wrong Trousers,['English'],
A Close Shave,['English'],
Star Trek: First Contact,['English'],
Casablanca,"['English', 'French', 'German', 'Italian']",
Blade Runner,"['Low German', 'English', 'German', 'Cantonese', 'Japanese', 'Hungarian', 'Arabic', 'Korean']",
Schindler's List,"['English', 'Hebrew', 'German', 'Polish', 'Latin']",
Citizen Kane,"['English', 'Italian']",
Pulp Fiction,"['English', 'Spanish', 'French']",
Dr. Strangelove or: How I Learned to Stop Worrying and Love the Bomb,"['English', 'Russian']",
The Godfather,"['English', 'Italian', 'Latin']",
The English Patient,"['English', 'German', 'Italian', 'Arabic']",
Braveheart,"['English', 'French', 'Latin', 'Gaelic', 'Italian']",
Beautiful Thing,['English'],
Lone Star,"['English', 'Spanish']",
Toy Story,['English'],
One Flew Over the Cuckoo's Nest,['English'],
Romeo + Juliet,['English'],
Fargo,['English'],
The Postman,"['Italian', 'Spanish']",
Three Colors: Red,['French'],
Seven Samurai,['Japanese'],
Star Wars: Episode V - The Empire Strikes Back,['English'],
Up in Smoke,"['English', 'Spanish']",
Léon: The Professional,"['English', 'Italian', 'French']",
The Princess Bride,['English'],
Sense and Sensibility,"['English', 'French']",
2001: A Space Odyssey,"['English', 'Russian', 'French']",
Reservoir Dogs,['English'],
The City of Lost Children,"['French', 'Cantonese']",
Indiana Jones and the Raiders of the Lost Ark,"['English', 'German', 'Hebrew', 'Spanish', 'Arabic', 'Nepali']",
That Thing You Do!,['English'],
Clerks,['English'],
Brazil,['English'],
Monty Python and the Holy Grail,"['English', 'French', 'Latin']",
Rear Window,['English'],
Se7en,['English'],
Aliens,['English'],
A Clockwork Orange,['English'],
The Rock,['English'],
Withnail & I,"['English', 'Latin']",
"The Good, the Bad and the Ugly","['Italian', 'English']",
12 Monkeys,"['English', 'French']",
It's a Wonderful Life,"['English', 'French']",
Babe,['English'],
The Transformers: The Movie,"['English', 'Japanese']",
Dead Man Walking,['English'],
To Kill a Mockingbird,['English'],
12 Angry Men,['English'],
Lawrence of Arabia,"['English', 'Arabic', 'Turkish']",
North by Northwest,"['English', 'French']",
Apocalypse Now,"['English', 'French', 'Vietnamese']",
Dazed and Confused,['English'],
Underground,"['Serbian', 'German', 'French', 'English', 'Russian']",
Goodfellas,"['English', 'Italian']",
Once Were Warriors,"['English', 'Maori', 'Spanish']",
A Time to Kill,['English'],
Star Wars: Episode VI - Return of the Jedi,['English'],
Once Upon a Time in the West,"['Italian', 'English', 'Spanish']",
Cinema Paradiso,['Italian'],
Taxi Driver,"['English', 'Spanish']",
Heat,"['English', 'Spanish']",
Three Colors: Blue,"['French', 'Romanian', 'Polish']",
The Silence of the Lambs,"['English', 'Latin']",
Vertigo,['English'],
Wings of Desire,"['German', 'English', 'French', 'Turkish', 'Hebrew', 'Spanish', 'Japanese']",
Ransom,['English'],
Mystery Science Theater 3000: The Movie,['English'],
Alien,['English'],
The Big Blue,"['French', 'English', 'Italian']",
The Blues Brothers,['English'],
The Third Man,"['English', 'German', 'Russian', 'French']",
Army of Darkness,['English'],
The Godfather: Part II,"['English', 'Italian', 'Spanish', 'Latin', 'Sicilian']",
Psycho,['English'],
Secrets & Lies,['English'],
The Killer,"['Cantonese', 'Mandarin', 'Japanese']",
 Babylon 5,['English'],
The Wizard of Oz,['English'],
Empire Records,['English'],
Full Metal Jacket,"['English', 'Vietnamese']",
Ran,['Japanese'],
A Grand Day Out,['English'],
Tombstone,"['English', 'Latin', 'Spanish']",
The Maltese Falcon,['English'],
Terminator 2: Judgment Day,"['English', 'Spanish']",
The Double Life of Véronique,"['French', 'Polish', 'Italian']",
The Quiet Man,"['English', 'Irish Gaelic']",
Once Upon a Time in America,"['English', 'Italian', 'French', 'Yiddish', 'Hebrew']",
Stalker,['Russian'],
Sunset Blvd.,['English'],
Gone with the Wind,['English'],
Singin' in the Rain,['English'],
Smoke,['English'],
Amadeus,"['English', 'Italian', 'Latin', 'German']",
Henry V,"['English', 'French', 'Latin']",
Rumble in the Bronx,"['Cantonese', 'English']",
Much Ado About Nothing,['English'],
Raging Bull,['English'],
Harold and Maude,['English'],
Emma,['English'],
Hard Boiled,"['Cantonese', 'English']",
Delicatessen,['French'],
The Fugitive,"['English', 'Polish', 'Spanish']",
Annie Hall,"['English', 'German']",
Das Boot,['German'],
Breakfast at Tiffany's,"['English', 'Portuguese', 'French', 'Japanese']",
Local Hero,"['English', 'Russian', 'Japanese']",
Now and Then,['English'],
Trust,['English'],
Dead Man,"['English', 'Cree']",
Roman Holiday,"['English', 'Italian', 'German']",
Rashomon,['Japanese'],
Glory,['English'],
The Right Stuff,"['English', 'Russian']",
Modern Times,['English'],
Metropolis,"['German', 'English']",
Mr. Holland's Opus,"['English', 'American Sign Language']",
The Seventh Seal,"['Swedish', 'Latin']",
Braindead,"['English', 'Spanish']",
Courage Under Fire,"['English', 'Arabic']",
Apollo 13,['English'],
The Lion King,"['English', 'Swahili', 'Xhosa', 'Zulu']",
The Sting,['English'],
True Romance,"['English', 'Italian']",
Touch of Evil,"['English', 'Spanish']",
The Hunchback of Notre Dame,"['English', 'Latin']",
While You Were Sleeping,['English'],
The Wild Bunch,"['English', 'Spanish', 'German']",
Bound,"['English', 'Italian']",
Some Like It Hot,['English'],
Dead Poets Society,"['English', 'Latin']",
Heavenly Creatures,"['English', 'French']",
The Crow,['English'],
The Graduate,['English'],
Manhattan,['English'],
Rosencrantz & Guildenstern Are Dead,['English'],
Paths of Glory,"['English', 'German', 'Latin']",
Better Off Dead...,['English'],
The Terminator,"['English', 'Spanish']",
Nikita,"['French', 'Italian', 'English']",
Cheech and Chong's Next Movie,['English'],
Tom and Huck,['English'],
The African Queen,"['English', 'German', 'Swahili']",
Life of Brian,"['English', 'Latin']",
The Day the Earth Stood Still,"['English', 'French', 'Hindi', 'Russian']",
Man Bites Dog,['French'],
The Ghost and the Darkness,"['English', 'Hindi']",
Miller's Crossing,"['English', 'Italian', 'Irish Gaelic', 'Yiddish']",
8½,"['Italian', 'French', 'English', 'German']",
The Deer Hunter,"['English', 'Vietnamese', 'French', 'Russian', 'Cantonese']",
Chinatown,"['English', 'Cantonese', 'Spanish']",
Pump Up the Volume,['English'],
The Bridge on the River Kwai,"['English', 'Japanese', 'Thai']",
Stand by Me,['English'],
Mallrats,['English'],
The Treasure of the Sierra Madre,"['English', 'Spanish']",
The Shining,['English'],
M,['German'],
The Gold Rush,['English'],
My Fair Lady,['English'],
Phenomenon,"['Portuguese', 'Spanish', 'English']",
The Great Escape,"['English', 'German', 'French', 'Russian', 'Spanish']",
Naked,['English'],
Big Night,"['English', 'Italian']",
Evil Dead II,"['English', 'Latin']",
Somewhere in Time,['English'],
Strange Brew,['English'],
The Sound of Music,"['English', 'German']",
Diva,"['French', 'English', 'Italian', 'Latin']",
Strictly Ballroom,"['English', 'Spanish']",
All About Eve,"['English', 'French']",
Forrest Gump,['English'],
Duck Soup,['English'],
Bad Taste,"['English', 'Maori']",
Patton,"['English', 'German', 'French', 'Russian', 'Arabic', 'Italian']",
National Lampoon's Animal House,"['English', 'Italian']",
Akira,['Japanese'],
Beauty and the Beast,"['English', 'French']",
The Long Kiss Goodnight,['English'],
Down by Law,"['English', 'Italian', 'French']",
Dawn of the Dead,"['English', 'Spanish']",
Koyaanisqatsi,"['None', 'Hopi', 'English']",
Before Sunrise,"['English', 'German', 'French']",
Cyrano de Bergerac,['French'],
Groundhog Day,"['English', 'French', 'Italian']",
Cool Hand Luke,['English'],
Back to the Future,['English'],
Highlander,['English'],
The Remains of the Day,"['English', 'French', 'German']",
Pink Floyd: The Wall,['English'],
The Philadelphia Story,"['English', 'French']",
City Lights,"['None', 'English']",
Night on Earth,"['English', 'French', 'Finnish', 'Italian', 'German']",
Jean de Florette,['French'],
Leaving Las Vegas,"['English', 'Russian']",
Young Frankenstein,"['English', 'German']",
Arsenic and Old Lace,"['English', 'German']",
Unforgiven,['English'],
The Manchurian Candidate,"['English', 'Spanish']",
Little Women,"['English', 'German', 'French']",
Shallow Grave,['English'],
Fantasia,['English'],
Ben-Hur,['English'],
This Is Spinal Tap,['English'],
The Great Dictator,"[<span class=""ipc-chip__text"" role=""presentation"">invented language</span>, 'English', 'Esperanto', 'Latin']",
Exotica,"['English', 'Hebrew']",
The Big Sleep,['English'],
High Noon,"['English', 'Spanish']",
Sabrina,"['English', 'French']",
Being There,"['English', 'Russian', 'Italian']",
Heathers,['English'],
A Christmas Story,['English'],
The Unbearable Lightness of Being,"['English', 'Czech']",
Die Hard,"['English', 'German', 'Italian', 'Japanese']",
Willy Wonka & the Chocolate Factory,"['English', 'French', 'German', 'Italian']",
Some Kind of Wonderful,['English'],
Aladdin,['English'],
A Room with a View,"['English', 'Italian']",
Indiana Jones and the Last Crusade,"['English', 'German', 'Greek', 'Arabic']",
"The Adventures of Priscilla, Queen of the Desert","['English', 'Filipino']",
Independence Day,['English'],
Forbidden Planet,['English'],
Strange Days,['English'],
Fried Green Tomatoes,['English'],
Until the End of the World,"['English', 'French', 'Italian', 'Japanese', 'German']",
Raise the Red Lantern,['Mandarin'],
In the Name of the Father,['English'],
Farewell My Concubine,['Mandarin'],
Real Genius,['English'],
"Paris, Texas","['English', 'Spanish']",
Sleepers,['English'],
Priest,"['Latin', 'English']",
Field of Dreams,['English'],
Gandhi,"['English', 'Hindi']",
The Rocky Horror Picture Show,['English'],
Manon of the Spring,['French'],
My Life as a Dog,['Swedish'],
The Killing Fields,"['English', 'French', 'Central Khmer', 'Russian']",
The Man Who Would Be King,"['English', 'Arabic', 'Urdu']",
Charade,"['English', 'French', 'German', 'Italian', 'Spanish']",
Clueless,"['English', 'Spanish']",
The Breakfast Club,['English'],
On the Waterfront,['English'],
A River Runs Through It,['English'],
Shadowlands,['English'],
The Searchers,"['English', 'Navajo', 'Spanish']",
Titanic,"['English', 'Swedish', 'Italian', 'French']",
L.A. Confidential,['English'],
Contact,"['English', 'Spanish', 'German', 'Russian']",
The Full Monty,['English'],
Sling Blade,['English'],
Breaking the Waves,['English'],
Double Indemnity,['English'],
Mr. Smith Goes to Washington,['English'],
Chasing Amy,['English'],
Shine,"['English', 'Yiddish']",
Hamlet,['English'],
Rebecca,"['English', 'French']",
Swingers,['English'],
Butch Cassidy and the Sundance Kid,"['English', 'Spanish']",
Jaws,['English'],
Notorious,"['English', 'French', 'Portuguese']",
Scream,['English'],
Bringing Up Baby,['English'],
Face/Off,"['English', 'Latin']",
The Conversation,['English'],
The Game,"['Spanish', 'Thai', 'English', 'Cantonese', 'German']",
Rain Man,"['English', 'Italian']",
MASH,"['Latin', 'English', 'Japanese', 'Korean']",
The Player,['English'],
Three Colors: White,"['Polish', 'French', 'English']",
The Fifth Element,"['English', 'Swedish', 'German', 'Arabic', 'Egyptian (Ancient)']",
Rebel Without a Cause,['English'],
The Untouchables,['English'],
Doctor Zhivago,"['English', 'Russian', 'French']",
Little Big Man,['English'],
Grosse Pointe Blank,['English'],
A Fish Called Wanda,"['English', 'Italian', 'Russian', 'French']",
Searching for Bobby Fischer,['English'],
Witness,"['English', 'German']",
Blood Simple,"['English', 'Spanish']",
Raising Arizona,['English'],
Dangerous Liaisons,['English'],
The Elephant Man,"['English', 'French']",
Crimes and Misdemeanors,"['English', 'Hebrew']",
Platoon,"['English', 'Vietnamese']",
Spartacus,['English'],
When Harry Met Sally...,['English'],
Short Cuts,['English'],
West Side Story,"['English', 'Spanish']",
Airplane!,['English'],
Snow White and the Seven Dwarfs,['English'],
Mary Poppins,['English'],
The Birds,['English'],
A Few Good Men,"['English', 'French']",
The People vs. Larry Flynt,['English'],
What's Eating Gilbert Grape,['English'],
Gallipoli,"['English', 'Arabic', 'French']",
The Producers,"['English', 'German']",
Dog Day Afternoon,['English'],
Papillon,"['English', 'Spanish']",
Deliverance,['English'],
Dial M for Murder,['English'],
Blue Velvet,['English'],
Men in Black,"['English', 'Spanish']",
Ed Wood,['English'],
The Hunt for Red October,"['English', 'Russian']",
Dances with Wolves,"['English', 'Sioux', 'Pawnee']",
Donnie Brasco,"['English', 'Italian', 'Japanese']",
Awakenings,['English'],
The Name of the Rose,"['English', 'Italian', 'Latin', 'German']",
Goldfinger,"['English', 'Chinese', 'Spanish']",
Cabaret,"['English', 'German', 'Hebrew', 'French']",
Jerry Maguire,"['English', 'American Sign Language']",
All the President's Men,"['English', 'Spanish']",
Saving Private Ryan,"['English', 'French', 'German', 'Czech']",
The Truman Show,['English'],
Good Will Hunting,['English'],
As Good as It Gets,['English'],
Strangers on a Train,"['English', 'French']",
The Sweet Hereafter,['English'],
It Happened One Night,['English'],
The Apartment,['English'],
There's Something About Mary,['English'],
A Streetcar Named Desire,"['English', 'Spanish']",
Pleasantville,['English'],
The Spanish Prisoner,['English'],
Witness for the Prosecution,"['English', 'German']",
Network,['English'],
Close Encounters of the Third Kind,"['English', 'French', 'Spanish', 'Hindi']",
Midnight Cowboy,"['English', 'Italian']",
The Ice Storm,['English'],
Antz,['English'],
Out of Sight,"['English', 'Spanish']",
The Adventures of Robin Hood,['English'],
Boyz n the Hood,['English'],
The French Connection,"['English', 'French']",
The Ten Commandments,['English'],
American Graffiti,['English'],
Bonnie and Clyde,['English'],
The Magnificent Seven,"['English', 'Spanish']",
Casino,['English'],
Ferris Bueller's Day Off,"['English', 'German']",
The Jungle Book,['English'],
Say Anything,['English'],
Gattaca,"['English', 'Esperanto']",
The Big Lebowski,"['English', 'German', 'Hebrew', 'Spanish']",
My Left Foot,['English'],
Blazing Saddles,"['English', 'Yiddish', 'German']",
Midnight Run,['English'],
The Last Emperor,"['English', 'Mandarin', 'Japanese']",
American Beauty,['English'],
Toy Story 2,"['English', 'Arabic', 'Spanish']",
Being John Malkovich,['English'],
The Sixth Sense,"['English', 'Latin', 'Spanish']",
Life Is Beautiful,"['Italian', 'German', 'English']",
The Green Mile,"['English', 'French']",
Fight Club,['English'],
The Matrix,['English'],
How the Grinch Stole Christmas!,['English'],
Run Lola Run,"['German', 'English', 'Japanese']",
Bicycle Thieves,"['Italian', 'English', 'German']",
American History X,['English'],
The General,['English'],
The Iron Giant,['English'],
The Celebration,"['Danish', 'German', 'English']",
The 400 Blows,"['French', 'English']",
Shakespeare in Love,['English'],
Yojimbo,['Japanese'],
Wild Strawberries,"['Swedish', 'Latin']",
All About My Mother,"['Spanish', 'Catalan']",
The Best Years of Our Lives,['English'],
The Night of the Hunter,['English'],
The Grapes of Wrath,['English'],
"Lock, Stock and Two Smoking Barrels",['English'],
Princess Mononoke,['Japanese'],
All Quiet on the Western Front,"['English', 'French', 'German', 'Latin']",
Three Kings,"['English', 'Arabic']",
Who's Afraid of Virginia Woolf?,"['English', 'Latin', 'Spanish']",
La Grande Illusion,"['French', 'German', 'English', 'Russian']",
His Girl Friday,"['English', 'French']",
The Insider,"['English', 'Japanese', 'Arabic', 'Persian']",
A Night at the Opera,"['English', 'Italian']",
The Killing,['English'],
Battleship Potemkin,"['Russian', 'English']",
Man on the Moon,['English'],
A Simple Plan,['English'],
The Hustler,['English'],
Ikiru,['Japanese'],
The Straight Story,['English'],
Central Station,"['Portuguese', 'German']",
Children of Paradise,['French'],
October Sky,['English'],
A Christmas Carol,['English'],
Nosferatu,"['German', 'English']",
Go,['English'],
Gods and Monsters,"['English', 'Hungarian']",
Eyes Wide Shut,['English'],
Stalag 17,"['English', 'German', 'Russian']",
Stagecoach,"['English', 'Spanish', 'French']",
Election,"['English', 'Spanish']",
Fanny and Alexander,"['Swedish', 'German', 'Yiddish', 'English', 'French']",
The Man Who Shot Liberty Valance,['English'],
Amarcord,"['Italian', 'Greek, Ancient (to 1453)']",
"South Park: Bigger, Longer & Uncut",['English'],
The 39 Steps,['English'],
La Strada,['Italian'],
"Black Cat, White Cat","['Romany', 'Serbian', 'Bulgarian']",
The Exorcist,"['English', 'Latin', 'Greek', 'French', 'German', 'Arabic', 'Kurdish']",
Laura,['English'],
Shadow of a Doubt,['English'],
Rio Bravo,"['English', 'Spanish']",
Au Revoir les Enfants,"['French', 'German', 'English', 'Greek', 'Latin']",
The Red Violin,"['English', 'Italian', 'German', 'French', 'Mandarin']",
Harvey,"['English', 'Spanish', 'Latin']",
Dogma,['English'],
The Thin Man,['English'],
The Lion in Winter,"['English', 'French', 'Latin']",
E.T. the Extra-Terrestrial,['English'],
Happiness,"['English', 'Russian']",
Boys Don't Cry,['English'],
Elizabeth,"['English', 'French']",
Un Chien Andalou,['French'],
Inherit the Wind,['English'],
King Kong,['English'],
In the Heat of the Night,['English'],
The Caine Mutiny,['English'],
A Bug's Life,['English'],
The Haunting,['English'],
Anatomy of a Murder,['English'],
Almost Famous,"['English', 'French']",
"Crouching Tiger, Hidden Dragon","['Chinese', 'Mandarin']",
Magnolia,"['English', 'German', 'French']",
Gladiator,['English'],
Dancer in the Dark,"['English', 'German', 'Czech']",
Requiem for a Dream,['English'],
Chicken Run,['English'],
Billy Elliot,['English'],
A Charlie Brown Christmas,['English'],
High Fidelity,"['English', 'Danish']",
Show Me Love,['Swedish'],
From Here to Eternity,['English'],
The Lord of the Rings: The Fellowship of the Ring,"['English', 'Sindarin']",
Memento,['English'],
Amélie,"['French', 'Russian', 'English']",
Shrek,['English'],
Traffic,"['English', 'Spanish']",
Moulin Rouge!,"['English', 'French', 'Spanish']",
"Monsters, Inc.",['English'],
The Others,['English'],
Snatch,"['English', 'Russian']",
"O Brother, Where Art Thou?",['English'],
Mulholland Drive,"['English', 'Spanish', 'French']",
You Can Count on Me,['English'],
Amores perros,['Spanish'],
Ghost World,['English'],
JFK,"['English', 'Spanish']",
The Man Who Wasn't There,"['English', 'Italian', 'French']",
Planet of the Apes,['English'],
The Lord of the Rings: The Two Towers,"['English', 'Sindarin', 'Old English']",
Donnie Darko,['English'],
Spirited Away,"['Japanese', 'English']",
Minority Report,"['English', 'Swedish']",
Road to Perdition,['English'],
A Beautiful Mind,['English'],
To Be or Not to Be,"['English', 'German']",
Punch-Drunk Love,['English'],
Red River,"['English', 'Spanish']",
Y tu mamá también,['Spanish'],
A Man for All Seasons,"['English', 'Latin', 'Spanish', 'French']",
The Lord of the Rings: The Return of the King,"['English', 'Quenya', 'Old English', 'Sindarin']",
The Pianist,"['English', 'German', 'Russian']",
City of God,['Portuguese'],
Finding Nemo,['English'],
Kill Bill: Vol. 1,"['English', 'Japanese', 'French']",
Talk to Her,['Spanish'],
Lost in Translation,"[<span class=""ipc-chip__text"" role=""presentation"">language barrier</span>, 'English', 'Japanese', 'German', 'French']",
Mystic River,['English'],
Adaptation.,"['English', 'Latin']",
Hero,['Mandarin'],
Grave of the Fireflies,['Japanese'],
Whale Rider,"['English', 'Maori']",
The Passion of Joan of Arc,"['None', 'French']",
Pirates of the Caribbean: The Curse of the Black Pearl,['English'],
The Bride of Frankenstein,['English'],
Sleuth,"['English', 'Italian']",
X2: X-Men United,"['English', 'German', 'Italian', 'Spanish']",
Eternal Sunshine of the Spotless Mind,['English'],
Kill Bill: Vol. 2,"['English', 'Cantonese', 'Mandarin', 'Spanish']",
The Incredibles,"['English', 'French']",
Oldboy,['Korean'],
Before Sunset,"['English', 'French']",
Big Fish,"['English', 'Cantonese']",
Dogville,['English'],
Garden State,"['English', 'Klingon']",
In America,"['English', 'Spanish', 'Irish Gaelic']",
21 Grams,['English'],
Sunrise,"['None', 'English']",
Finding Neverland,['English'],
The Station Agent,"['English', 'Spanish']",
Persona,"['Swedish', 'English']",
The Last Samurai,"['English', 'Japanese']",
Sullivan's Travels,['English'],
Judgment at Nuremberg,"['English', 'German']",
Kind Hearts and Coronets,"['English', 'Italian']",
Castle in the Sky,['Japanese'],
Barry Lyndon,"['English', 'German', 'French']",
In the Mood for Love,"['Cantonese', 'Shanghainese', 'French', 'Spanish']",
Throne of Blood,['Japanese'],
Hotel Rwanda,"['English', 'French', 'Kinyarwanda']",
Downfall,"['German', 'Russian', 'French', 'English']",
Million Dollar Baby,"['English', 'Irish Gaelic']",
Crash,"['English', 'Persian', 'Spanish', 'Mandarin', 'Korean']",
Sin City,['English'],
Batman Begins,"['English', 'Mandarin']",
The Wages of Fear,"['French', 'English', 'Spanish', 'German', 'Italian', 'Russian']",
Nights of Cabiria,"['Italian', 'Latin']",
For a Few Dollars More,"['Italian', 'English']",
Brief Encounter,"['English', 'French']",
The Cabinet of Dr. Caligari,['German'],
Diabolique,"['French', 'English']",
Sideways,"['English', 'Armenian', 'French']",
The Lady Vanishes,"['English', 'German', 'French', 'Italian']",
Scarface,"['English', 'Spanish']",
Rosemary's Baby,['English'],
Frankenstein,"['English', 'Latin']",
The Sea Inside,"['Spanish', 'Catalan', 'Galician']",
Cinderella Man,['English'],
Star Wars: Episode III - Revenge of the Sith,['English'],
The Thing,"['English', 'Norwegian']",
The Departed,"['English', 'Cantonese']",
V for Vendetta,['English'],
The Battle of Algiers,"['Arabic', 'French', 'English']",
Pan's Labyrinth,['Spanish'],
Walk the Line,"['English', 'Russian']",
Wallace & Gromit: The Curse of the Were-Rabbit,['English'],
Out of the Past,"['English', 'American Sign Language']",
Rififi,"['French', 'Italian', 'English']",
The Prestige,['English'],
High and Low,['Japanese'],
The Lost Weekend,['English'],
La Haine,['French'],
United 93,"['English', 'Arabic', 'German']",
In Cold Blood,"['English', 'French', 'Spanish']",
Little Miss Sunshine,['English'],
The Ox-Bow Incident,"['English', 'Spanish']",
Come and See,"['Russian', 'Belarusian', 'German']",
Great Expectations,['English'],
No Country for Old Men,"['English', 'Spanish']",
The Lives of Others,['German'],
Ratatouille,"['English', 'French']",
There Will Be Blood,"['English', 'American Sign Language']",
The Bourne Ultimatum,"['English', 'French', 'Arabic', 'Russian', 'Spanish']",
Sweeney Todd: The Demon Barber of Fleet Street,"['English', 'Italian']",
Like Stars on Earth,['Hindi'],
Children of Men,"['English', 'German', 'Italian', 'Romanian', 'Spanish', 'Arabic', 'Georgian', 'Russian', 'Serbian']",
American Gangster,"['English', 'Thai', 'Spanish']",
Letters from Iwo Jima,"['Japanese', 'English']",
Juno,"['English', 'Spanish']",
Grindhouse,"['English', 'Spanish']",
3:10 to Yuma,"['English', 'Chinese']",
Umberto D.,['Italian'],
Hot Fuzz,['English'],
Hara-Kiri,['Japanese'],
Infernal Affairs,"['Cantonese', 'English', 'Thai']",
"Aguirre, the Wrath of God","['German', 'Quechua', 'Spanish']",
Atonement,"['English', 'French']",
Le Samouraï,['French'],
The Dark Knight,"['English', 'Mandarin']",
WALL·E,"['English', 'Hindi']",
Slumdog Millionaire,"['English', 'Hindi', 'French', 'German']",
The Curious Case of Benjamin Button,"['English', 'Russian', 'French']",
The Wrestler,['English'],
Into the Wild,"['English', 'Danish']",
Milk,['English'],
Gran Torino,"['English', 'Hmong']",
The Diving Bell and the Butterfly,['French'],
The Kid,['English'],
Rope,['English'],
Let the Right One In,"['Swedish', 'Spanish']",
In Bruges,['English'],
Sweet Smell of Success,"['English', 'Italian', 'Spanish']",
Safety Last!,['None'],
La Dolce Vita,"['Italian', 'English', 'French', 'German']",
Rocky,['English'],
Avatar,"['English', 'Spanish']",
Inglourious Basterds,"['English', 'German', 'French', 'Italian']",
Up,['English'],
District 9,"['English', 'Nyanja', 'Afrikaans', 'Zulu', 'Xhosa', 'Sotho']",
Star Trek,['English'],
Changeling,['English'],
500 Days of Summer,"['English', 'French', 'Swedish']",
The Nightmare Before Christmas,['English'],
Shaun of the Dead,['English'],
Casino Royale,"['English', 'Serbian', 'German', 'Italian', 'French']",
My Neighbor Totoro,['Japanese'],
Blood Diamond,"['English', 'Mende', 'Afrikaans']",
Inception,"['English', 'Japanese', 'French']",
Toy Story 3,"['English', 'Spanish']",
Black Swan,"['English', 'French', 'Italian']",
The Social Network,"['English', 'French']",
How to Train Your Dragon,['English'],
The Secret in Their Eyes,['Spanish'],
True Grit,['English'],
Mary and Max,"['English', 'Yiddish']",
Howl's Moving Castle,['Japanese'],
Kick-Ass,['English'],
Sherlock Jr.,"['None', 'English']",
Nausicaä of the Valley of the Wind,['Japanese'],
"Spring, Summer, Fall, Winter... and Spring",['Korean'],
A Separation,['Persian'],
The King's Speech,['English'],
Warrior,"['English', 'Spanish']",
Drive,"['English', 'Spanish']",
Harry Potter and the Deathly Hallows: Part 2,"['English', 'Latin']",
Hugo,['English'],
Elite Squad 2: The Enemy Within,['Portuguese'],
Ip Man,"['Chinese', 'Cantonese', 'Mandarin', 'Japanese']",
Tokyo Story,"['Japanese', 'English']",
Shutter Island,"['English', 'German']",
The Dark Knight Rises,"['English', 'Arabic']",
The Intouchables,"['French', 'English']",
The Hobbit: An Unexpected Journey,['English'],
The Avengers,"['English', 'Russian', 'Hindi']",
Life of Pi,"['English', 'Hindi', 'Japanese', 'French']",
The Artist,['English'],
Argo,"['English', 'Persian', 'German', 'Arabic']",
The Perks of Being a Wallflower,['English'],
A Fistful of Dollars,"['Italian', 'Spanish']",
3 Idiots,"['Hindi', 'English']",
Jurassic Park,"['English', 'Spanish']",
Django Unchained,"['English', 'German', 'French', 'Italian']",
Gravity,"['English', 'Greenlandic']",
The Hunt,"['Danish', 'English', 'Polish']",
Rush,"['English', 'German', 'Italian', 'French', 'Spanish']",
Rang De Basanti,['Hindi'],
The Hobbit: The Desolation of Smaug,['English'],
Incendies,"['French', 'Arabic', 'English']",
Hachi: A Dog's Tale,"['English', 'Japanese']",
Memories of Murder,"['Korean', 'English']",
Lagaan: Once Upon a Time in India,"['Hindi', 'English']",
Before Midnight,"['English', 'Greek', 'French']",
Prisoners,['English'],
The Help,['English'],
Departures,['Japanese'],
Interstellar,['English'],
Boyhood,"['English', 'Spanish']",
Gone Girl,['English'],
The Wolf of Wall Street,"['English', 'French']",
Guardians of the Galaxy,['English'],
Dil Chahta Hai,['Hindi'],
12 Years a Slave,['English'],
The Grand Budapest Hotel,"['English', 'French', 'German']",
Gangs of Wasseypur,['Hindi'],
X-Men: Days of Future Past,"['English', 'Vietnamese', 'French']",
Swades,"['Hindi', 'English']",
Star Wars: Episode VII - The Force Awakens,['English'],
Whiplash,['English'],
Inside Out,"['English', 'Portuguese']",
Mad Max: Fury Road,"['English', 'Russian']",
The Martian,"['English', 'Mandarin']",
Wild Tales,['Spanish'],
The Imitation Game,"['English', 'German']",
Creed,"['English', 'Spanish']",
Catch Me If You Can,"['English', 'French']",
Solaris,"['Russian', 'German']",
My Father and My Son,['Turkish'],
Hacksaw Ridge,"['English', 'Japanese']",
Arrival,"['English', 'Russian', 'Mandarin']",
Children of Heaven,['Persian'],
Room,['English'],
The Bandit,['Turkish'],
A Wednesday,"['Urdu', 'Hindi']",
Andaz Apna Apna,['Hindi'],
Hera Pheri,['Hindi'],
Sholay,['Hindi'],
Munna Bhai M.B.B.S.,['Hindi'],
Spotlight,['English'],
Drishyam,"['Hindi', 'English']",
Rogue One: A Star Wars Story,['English'],
The Message,"['English', 'Arabic']",
Udaan,['Hindi'],
Zootopia,['English'],
Chak De! India,['Hindi'],
Coco,"['English', 'Spanish']",
Dangal,"['Hindi', 'English']",
Blade Runner 2049,"['English', 'Finnish', 'Japanese', 'Hungarian', 'Russian', 'Somali', 'Spanish']",
Your Name.,['Japanese'],
Andrei Rublev,"['Russian', 'Italian', 'Tatar']",
Dunkirk,"['English', 'French', 'German']",
La La Land,"['English', 'Cantonese']",
Logan,"['English', 'Spanish']",
Thor: Ragnarok,['English'],
Paper Moon,['English'],
The Handmaiden,"['Korean', 'Japanese']",
Kahaani,['Hindi'],
Spider-Man: Into the Spider-Verse,"['English', 'Spanish']",
Avengers: Infinity War,['English'],
Bohemian Rhapsody,"['English', 'British Sign Language']",
"Three Billboards Outside Ebbing, Missouri",['English'],
Roma,"['Spanish', 'Mixtec', 'English', 'Japanese', 'German', 'French', 'Norwegian']",
Sanjuro,['Japanese'],
Tangerines,"['Estonian', 'Russian', 'Georgian']",
Joker,['English'],
Parasite,"['Korean', 'English']",
Avengers: Endgame,"['English', 'Japanese', 'Xhosa', 'German']",
Capernaum,"['Arabic', 'Amharic']",
Green Book,"['English', 'Italian', 'Russian', 'German']",
Ford v Ferrari,"['English', 'Italian', 'French', 'Japanese']",
Marriage Story,"['English', 'Spanish']",
Andhadhun,"['Hindi', 'English']",
Klaus,"['English', 'Saami']",
The Irishman,"['English', 'Italian', 'Latin', 'Spanish', 'German']",
The Red Shoes,"['English', 'French', 'Russian']",
Ace in the Hole,"['English', 'Spanish', 'Latin']",
White Heat,['English'],
PK,['Hindi'],
Hamilton,['English'],
1917,"['English', 'French', 'German']",
Soul,"['English', 'Korean', 'Inuktitut']",
Anand,['Hindi'],
Autumn Sonata,"['Swedish', 'English']",
Time of the Gypsies,"['Romany', 'Serbo-Croatian', 'Italian', 'English', 'German', 'Macedonian', 'Slovenian']",
Vikram Vedha,['Tamil'],
Portrait of a Lady on Fire,"['French', 'Italian']",
The Invisible Guest,"['Spanish', 'English']",
Winter Sleep,"['Turkish', 'English']",
Spider-Man: No Way Home,['English'],
The Father,['English'],
Pather Panchali,['Bengali'],
Jai Bhim,"['Tamil', 'Hindi']",
Dersu Uzala,"['Russian', 'Chinese']",
Dune,"['English', 'Mandarin']",
Z,"['French', 'Russian', 'English']",
A Silent Voice: The Movie,"['Japanese', 'Japanese Sign Language']",
Neon Genesis Evangelion: The End of Evangelion,['Japanese'],
Raatchasan,['Tamil'],
Sardar Udham,"['Hindi', 'English', 'Russian']",
